map_path,ordering,game_index,winner_side,winner_ai,raw_reward0,raw_rewards_full,steps
,ordering_1_light_left,0,right,workerRushAI,1.0,"[1.0, 0.0, 0.0, 0.0, 0.0, 0.0]",432
,ordering_1_light_left,1,right,workerRushAI,1.0,"[1.0, 0.0, 0.0, 0.0, 0.0, 0.0]",432
,ordering_1_light_left,2,right,workerRushAI,1.0,"[1.0, 0.0, 0.0, 0.0, 0.0, 0.0]",432
,ordering_1_light_left,3,right,workerRushAI,1.0,"[1.0, 0.0, 0.0, 0.0, 0.0, 0.0]",432
,ordering_1_light_left,4,right,workerRushAI,1.0,"[1.0, 0.0, 0.0, 0.0, 0.0, 0.0]",432
,ordering_1_light_left,5,right,workerRushAI,1.0,"[1.0, 0.0, 0.0, 0.0, 0.0, 0.0]",432
,ordering_1_light_left,6,right,workerRushAI,1.0,"[1.0, 0.0, 0.0, 0.0, 0.0, 0.0]",432
,ordering_1_light_left,7,right,workerRushAI,1.0,"[1.0, 0.0, 0.0, 0.0, 0.0, 0.0]",432
,ordering_1_light_left,8,right,workerRushAI,1.0,"[1.0, 0.0, 0.0, 0.0, 0.0, 0.0]",432
,ordering_1_light_left,9,right,workerRushAI,1.0,"[1.0, 0.0, 0.0, 0.0, 0.0, 0.0]",432
,ordering_1_light_left,10,right,workerRushAI,1.0,"[1.0, 0.0, 0.0, 0.0, 0.0, 0.0]",432
,ordering_1_light_left,11,right,workerRushAI,1.0,"[1.0, 0.0, 0.0, 0.0, 0.0, 0.0]",432
,ordering_1_light_left,12,right,workerRushAI,1.0,"[1.0, 0.0, 0.0, 0.0, 0.0, 0.0]",432
,ordering_1_light_left,13,right,workerRushAI,1.0,"[1.0, 0.0, 0.0, 0.0, 0.0, 0.0]",432
,ordering_1_light_left,14,right,workerRushAI,1.0,"[1.0, 0.0, 0.0, 0.0, 0.0, 0.0]",432
,ordering_1_light_left,15,right,workerRushAI,1.0,"[1.0, 0.0, 0.0, 0.0, 0.0, 0.0]",432
,ordering_1_light_left,16,right,workerRushAI,1.0,"[1.0, 0.0, 0.0, 0.0, 0.0, 0.0]",432
,ordering_1_light_left,17,right,workerRushAI,1.0,"[1.0, 0.0, 0.0, 0.0, 0.0, 0.0]",432
,ordering_1_light_left,18,right,workerRushAI,1.0,"[1.0, 0.0, 0.0, 0.0, 0.0, 0.0]",432
,ordering_1_light_left,19,right,workerRushAI,1.0,"[1.0, 0.0, 0.0, 0.0, 0.0, 0.0]",432
,ordering_1_light_left,20,right,workerRushAI,1.0,"[1.0, 0.0, 0.0, 0.0, 0.0, 0.0]",432
,ordering_1_light_left,21,right,workerRushAI,1.0,"[1.0, 0.0, 0.0, 0.0, 0.0, 0.0]",432
,ordering_1_light_left,22,right,workerRushAI,1.0,"[1.0, 0.0, 0.0, 0.0, 0.0, 0.0]",432
,ordering_1_light_left,23,right,workerRushAI,1.0,"[1.0, 0.0, 0.0, 0.0, 0.0, 0.0]",432
,ordering_1_light_left,24,right,workerRushAI,1.0,"[1.0, 0.0, 0.0, 0.0, 0.0, 0.0]",432
,ordering_1_light_left,25,right,workerRushAI,1.0,"[1.0, 0.0, 0.0, 0.0, 0.0, 0.0]",432
,ordering_1_light_left,26,right,workerRushAI,1.0,"[1.0, 0.0, 0.0, 0.0, 0.0, 0.0]",432
,ordering_1_light_left,27,right,workerRushAI,1.0,"[1.0, 0.0, 0.0, 0.0, 0.0, 0.0]",432
,ordering_1_light_left,28,right,workerRushAI,1.0,"[1.0, 0.0, 0.0, 0.0, 0.0, 0.0]",432
,ordering_1_light_left,29,right,workerRushAI,1.0,"[1.0, 0.0, 0.0, 0.0, 0.0, 0.0]",432
,ordering_1_light_left,30,right,workerRushAI,1.0,"[1.0, 0.0, 0.0, 0.0, 0.0, 0.0]",432
,ordering_1_light_left,31,right,workerRushAI,1.0,"[1.0, 0.0, 0.0, 0.0, 0.0, 0.0]",432
,ordering_1_light_left,32,right,workerRushAI,1.0,"[1.0, 0.0, 0.0, 0.0, 0.0, 0.0]",432
,ordering_1_light_left,33,right,workerRushAI,1.0,"[1.0, 0.0, 0.0, 0.0, 0.0, 0.0]",432
,ordering_1_light_left,34,right,workerRushAI,1.0,"[1.0, 0.0, 0.0, 0.0, 0.0, 0.0]",432
,ordering_1_light_left,35,right,workerRushAI,1.0,"[1.0, 0.0, 0.0, 0.0, 0.0, 0.0]",432
,ordering_1_light_left,36,right,workerRushAI,1.0,"[1.0, 0.0, 0.0, 0.0, 0.0, 0.0]",432
,ordering_1_light_left,37,right,workerRushAI,1.0,"[1.0, 0.0, 0.0, 0.0, 0.0, 0.0]",432
,ordering_1_light_left,38,right,workerRushAI,1.0,"[1.0, 0.0, 0.0, 0.0, 0.0, 0.0]",432
,ordering_1_light_left,39,right,workerRushAI,1.0,"[1.0, 0.0, 0.0, 0.0, 0.0, 0.0]",432
,ordering_1_light_left,40,right,workerRushAI,1.0,"[1.0, 0.0, 0.0, 0.0, 0.0, 0.0]",432
,ordering_1_light_left,41,right,workerRushAI,1.0,"[1.0, 0.0, 0.0, 0.0, 0.0, 0.0]",432
,ordering_1_light_left,42,right,workerRushAI,1.0,"[1.0, 0.0, 0.0, 0.0, 0.0, 0.0]",432
,ordering_1_light_left,43,right,workerRushAI,1.0,"[1.0, 0.0, 0.0, 0.0, 0.0, 0.0]",432
,ordering_1_light_left,44,right,workerRushAI,1.0,"[1.0, 0.0, 0.0, 0.0, 0.0, 0.0]",432
,ordering_1_light_left,45,right,workerRushAI,1.0,"[1.0, 0.0, 0.0, 0.0, 0.0, 0.0]",432
,ordering_1_light_left,46,right,workerRushAI,1.0,"[1.0, 0.0, 0.0, 0.0, 0.0, 0.0]",432
,ordering_1_light_left,47,right,workerRushAI,1.0,"[1.0, 0.0, 0.0, 0.0, 0.0, 0.0]",432
,ordering_1_light_left,48,right,workerRushAI,1.0,"[1.0, 0.0, 0.0, 0.0, 0.0, 0.0]",432
,ordering_1_light_left,49,right,workerRushAI,1.0,"[1.0, 0.0, 0.0, 0.0, 0.0, 0.0]",432
,ordering_2_light_left,0,right,lightRushAI,1.0,"[1.0, 0.0, 0.0, 0.0, 0.0, 0.0]",305
,ordering_2_light_left,1,right,lightRushAI,1.0,"[1.0, 0.0, 0.0, 0.0, 0.0, 0.0]",305
,ordering_2_light_left,2,right,lightRushAI,1.0,"[1.0, 0.0, 0.0, 0.0, 0.0, 0.0]",305
,ordering_2_light_left,3,right,lightRushAI,1.0,"[1.0, 0.0, 0.0, 0.0, 0.0, 0.0]",305
,ordering_2_light_left,4,right,lightRushAI,1.0,"[1.0, 0.0, 0.0, 0.0, 0.0, 0.0]",305
,ordering_2_light_left,5,right,lightRushAI,1.0,"[1.0, 0.0, 0.0, 0.0, 0.0, 0.0]",305
,ordering_2_light_left,6,right,lightRushAI,1.0,"[1.0, 0.0, 0.0, 0.0, 0.0, 0.0]",305
,ordering_2_light_left,7,right,lightRushAI,1.0,"[1.0, 0.0, 0.0, 0.0, 0.0, 0.0]",305
,ordering_2_light_left,8,right,lightRushAI,1.0,"[1.0, 0.0, 0.0, 0.0, 0.0, 0.0]",305
,ordering_2_light_left,9,right,lightRushAI,1.0,"[1.0, 0.0, 0.0, 0.0, 0.0, 0.0]",305
,ordering_2_light_left,10,right,lightRushAI,1.0,"[1.0, 0.0, 0.0, 0.0, 0.0, 0.0]",305
,ordering_2_light_left,11,right,lightRushAI,1.0,"[1.0, 0.0, 0.0, 0.0, 0.0, 0.0]",305
,ordering_2_light_left,12,right,lightRushAI,1.0,"[1.0, 0.0, 0.0, 0.0, 0.0, 0.0]",305
,ordering_2_light_left,13,right,lightRushAI,1.0,"[1.0, 0.0, 0.0, 0.0, 0.0, 0.0]",305
,ordering_2_light_left,14,right,lightRushAI,1.0,"[1.0, 0.0, 0.0, 0.0, 0.0, 0.0]",305
,ordering_2_light_left,15,right,lightRushAI,1.0,"[1.0, 0.0, 0.0, 0.0, 0.0, 0.0]",305
,ordering_2_light_left,16,right,lightRushAI,1.0,"[1.0, 0.0, 0.0, 0.0, 0.0, 0.0]",305
,ordering_2_light_left,17,right,lightRushAI,1.0,"[1.0, 0.0, 0.0, 0.0, 0.0, 0.0]",305
,ordering_2_light_left,18,right,lightRushAI,1.0,"[1.0, 0.0, 0.0, 0.0, 0.0, 0.0]",305
,ordering_2_light_left,19,right,lightRushAI,1.0,"[1.0, 0.0, 0.0, 0.0, 0.0, 0.0]",305
,ordering_2_light_left,20,right,lightRushAI,1.0,"[1.0, 0.0, 0.0, 0.0, 0.0, 0.0]",305
,ordering_2_light_left,21,right,lightRushAI,1.0,"[1.0, 0.0, 0.0, 0.0, 0.0, 0.0]",305
,ordering_2_light_left,22,right,lightRushAI,1.0,"[1.0, 0.0, 0.0, 0.0, 0.0, 0.0]",305
,ordering_2_light_left,23,right,lightRushAI,1.0,"[1.0, 0.0, 0.0, 0.0, 0.0, 0.0]",305
,ordering_2_light_left,24,right,lightRushAI,1.0,"[1.0, 0.0, 0.0, 0.0, 0.0, 0.0]",305
,ordering_2_light_left,25,right,lightRushAI,1.0,"[1.0, 0.0, 0.0, 0.0, 0.0, 0.0]",305
,ordering_2_light_left,26,right,lightRushAI,1.0,"[1.0, 0.0, 0.0, 0.0, 0.0, 0.0]",305
,ordering_2_light_left,27,right,lightRushAI,1.0,"[1.0, 0.0, 0.0, 0.0, 0.0, 0.0]",305
,ordering_2_light_left,28,right,lightRushAI,1.0,"[1.0, 0.0, 0.0, 0.0, 0.0, 0.0]",305
,ordering_2_light_left,29,right,lightRushAI,1.0,"[1.0, 0.0, 0.0, 0.0, 0.0, 0.0]",305
,ordering_2_light_left,30,right,lightRushAI,1.0,"[1.0, 0.0, 0.0, 0.0, 0.0, 0.0]",305
,ordering_2_light_left,31,right,lightRushAI,1.0,"[1.0, 0.0, 0.0, 0.0, 0.0, 0.0]",305
,ordering_2_light_left,32,right,lightRushAI,1.0,"[1.0, 0.0, 0.0, 0.0, 0.0, 0.0]",305
,ordering_2_light_left,33,right,lightRushAI,1.0,"[1.0, 0.0, 0.0, 0.0, 0.0, 0.0]",305
,ordering_2_light_left,34,right,lightRushAI,1.0,"[1.0, 0.0, 0.0, 0.0, 0.0, 0.0]",305
,ordering_2_light_left,35,right,lightRushAI,1.0,"[1.0, 0.0, 0.0, 0.0, 0.0, 0.0]",305
,ordering_2_light_left,36,right,lightRushAI,1.0,"[1.0, 0.0, 0.0, 0.0, 0.0, 0.0]",305
,ordering_2_light_left,37,right,lightRushAI,1.0,"[1.0, 0.0, 0.0, 0.0, 0.0, 0.0]",305
,ordering_2_light_left,38,right,lightRushAI,1.0,"[1.0, 0.0, 0.0, 0.0, 0.0, 0.0]",305
,ordering_2_light_left,39,right,lightRushAI,1.0,"[1.0, 0.0, 0.0, 0.0, 0.0, 0.0]",305
,ordering_2_light_left,40,right,lightRushAI,1.0,"[1.0, 0.0, 0.0, 0.0, 0.0, 0.0]",305
,ordering_2_light_left,41,right,lightRushAI,1.0,"[1.0, 0.0, 0.0, 0.0, 0.0, 0.0]",305
,ordering_2_light_left,42,right,lightRushAI,1.0,"[1.0, 0.0, 0.0, 0.0, 0.0, 0.0]",305
,ordering_2_light_left,43,right,lightRushAI,1.0,"[1.0, 0.0, 0.0, 0.0, 0.0, 0.0]",305
,ordering_2_light_left,44,right,lightRushAI,1.0,"[1.0, 0.0, 0.0, 0.0, 0.0, 0.0]",305
,ordering_2_light_left,45,right,lightRushAI,1.0,"[1.0, 0.0, 0.0, 0.0, 0.0, 0.0]",305
,ordering_2_light_left,46,right,lightRushAI,1.0,"[1.0, 0.0, 0.0, 0.0, 0.0, 0.0]",305
,ordering_2_light_left,47,right,lightRushAI,1.0,"[1.0, 0.0, 0.0, 0.0, 0.0, 0.0]",305
,ordering_2_light_left,48,right,lightRushAI,1.0,"[1.0, 0.0, 0.0, 0.0, 0.0, 0.0]",305
,ordering_2_light_left,49,right,lightRushAI,1.0,"[1.0, 0.0, 0.0, 0.0, 0.0, 0.0]",305
